<!--

    DO NOT ALTER OR REMOVE COPYRIGHT NOTICES OR THIS HEADER.

    Copyright (c) 2013-2017 Oracle and/or its affiliates. All rights reserved.

    The contents of this file are subject to the terms of either the GNU
    General Public License Version 2 only ("GPL") or the Common Development
    and Distribution License("CDDL") (collectively, the "License").  You
    may not use this file except in compliance with the License.  You can
    obtain a copy of the License at
    https://oss.oracle.com/licenses/CDDL+GPL-1.1
    or LICENSE.txt.  See the License for the specific
    language governing permissions and limitations under the License.

    When distributing the software, include this License Header Notice in each
    file and include the License file at LICENSE.txt.

    GPL Classpath Exception:
    Oracle designates this particular file as subject to the "Classpath"
    exception as provided by Oracle in the GPL Version 2 section of the License
    file that accompanied this code.

    Modifications:
    If applicable, add the following below the License Header, with the fields
    enclosed by brackets [] replaced by your own identifying information:
    "Portions Copyright [year] [name of copyright owner]"

    Contributor(s):
    If you wish your version of this file to be governed by only the CDDL or
    only the GPL Version 2, indicate your decision by adding "[Contributor]
    elects to include this software in this distribution under the [CDDL or GPL
    Version 2] license."  If you don't indicate a single choice of license, a
    recipient has the option to distribute your version of this file under
    either the CDDL, the GPL Version 2 or to extend the choice of license to
    its licensees as provided above.  However, if you add GPL Version 2 code
    and therefore, elected the GPL Version 2 license, then the option applies
    only if the new code is made subject to such option by the copyright
    holder.

-->

<FindBugsFilter>
    <!--
    Documented in the code.
    -->
    <Match>
        <Or>
            <Class name="com.sun.xml.ws.model.WrapperBeanGenerator$Field"/>
        </Or>
        <Bug pattern="EQ_COMPARETO_USE_OBJECT_EQUALS"/>
    </Match>
    <!--
    GMBAL/Management API design
    -->
    <Match>
        <Or>
            <Class name="com.sun.xml.ws.client.MonitorRootClient"/>
        </Or>
        <Bug pattern="UPM_UNCALLED_PRIVATE_METHOD"/>
    </Match>
    <!--
    Not an error - propertyset design uses this feature.
    -->
    <Match>
        <Or>
            <Class name="com.oracle.webservices.api.message.BasePropertySet$MapView"/>
        </Or>
        <Bug pattern="WMI_WRONG_MAP_ITERATOR"/>
    </Match>
    <!--
    Can't do much about these, but we should not ignore the warning for any new clases
    so that we don't find ourselves in the same hell with new classes 
    -->
    <Match>
        <Or>
            <Class name="com.sun.xml.ws.api.message.MessageContextFactory"/>
            <Class name="com.sun.xml.ws.api.server.Invoker"/>
            <Class name="com.sun.xml.ws.server.InvokerTube"/>
            <Class name="com.sun.xml.ws.developer.StreamingDataHandler"/>
            <Class name="com.sun.xml.ws.transport.http.server.HttpEndpoint"/>
            <Class name="com.sun.xml.ws.api.databinding.DatabindingFactory"/>
            <Class name="com.sun.xml.ws.encoding.SOAPBindingCodec"/>
            <Class name="com.sun.xml.ws.encoding.StreamSOAPCodec"/>
            <Class name="com.sun.xml.ws.wsdl.writer.WSDLResolver"/>
        </Or>
        <Bug pattern="NM_SAME_SIMPLE_NAME_AS_SUPERCLASS"/>
    </Match>
    <!--
    Can't do much about these, but we should not ingore the warning for any new clases
    so that we don't find ourselves in the same hell with new classes 
    -->
    <Match>
        <Or>
            <Class name="com.sun.xml.ws.Closeable"/>
            <Class name="com.sun.xml.ws.api.databinding.Databinding"/>
            <Class name="com.sun.xml.ws.api.databinding.JavaCallInfo"/>
            <Class name="com.sun.xml.ws.api.pipe.ContentType"/>
            <Class name="com.sun.xml.ws.wsdl.writer.WSDLResolver"/>
            <Class name="com.sun.xml.ws.encoding.SOAPBindingCodec"/>
            <Class name="com.sun.xml.ws.encoding.StreamSOAPCodec"/>
        </Or>
        <Bug pattern="NM_SAME_SIMPLE_NAME_AS_INTERFACE"/>
    </Match>
    <!--
    Can't do much about these, but we should not ingore the warning for any new clases
    so that we don't find ourselves in the same hell with new classes 
    -->
    <Match>
        <Or>
            <Class name="com.sun.xml.ws.api.DistributedPropertySet"/>
            <Class name="com.sun.xml.ws.api.message.Packet"/>
            <Class name="com.sun.xml.ws.client.RequestContext"/>
        </Or>
        <Bug pattern="NM_WRONG_PACKAGE"/>
    </Match>
    
    <Match>
        <Or>
            <Class name="com.sun.xml.ws.db.glassfish.BridgeWrapper"/>
            <Class name="com.sun.xml.ws.db.glassfish.RawAccessorWrapper"/>
            <Bug pattern="EQ_CHECK_FOR_OPERAND_NOT_COMPATIBLE_WITH_THIS"/>
        </Or>
    </Match>
    <!--
    Class reviewed thoroughly multiple times, consensus is the warning is invalid.
    -->
    <Match>
        <Or>
            <Class name="com.sun.xml.ws.api.pipe.Fiber"/>
        </Or>
        <Method returns="boolean" params="com.sun.xml.ws.api.pipe.Tube">_doRun</Method>
        <Bug pattern="UL_UNRELEASED_LOCK"/>
    </Match>
    <Match>
        <Or>
            <Class name="com.sun.xml.ws.streaming.DOMStreamReader"/>
            <Class name="com.sun.xml.ws.api.pipe.Fiber"/>
        </Or>
        <Bug pattern="SF_SWITCH_FALLTHROUGH"/>
    </Match>
    <Match>
        <Or>
            <Class name="com.sun.xml.ws.encoding.XMLHTTPBindingCodec"/>
        </Or>
        <Bug pattern="NP_LOAD_OF_KNOWN_NULL_VALUE"/>
    </Match>
    <Match>
        <Or>
            <Class name="com.sun.xml.ws.encoding.ContentTypeImpl$Builder"/>
        </Or>
        <Bug pattern="UWF_UNWRITTEN_PUBLIC_OR_PROTECTED_FIELD"/>
    </Match>
    <!--
    Usually the field is read elsewhere in metro/wls code, or it's a JAXB field read by reflection or asm generated class accessor.
    -->
    <Match>
        <Or>
            <Class name="com.sun.xml.ws.addressing.WsaTubeHelper"/>
            <Class name="com.sun.xml.ws.developer.ValidationErrorHandler"/>
            <Class name="com.sun.xml.ws.client.sei.SEIMethodHandler"/>
            <Class name="com.sun.xml.ws.developer.MemberSubmissionEndpointReference$ServiceNameType"/>
            <Class name="com.sun.xml.ws.developer.MemberSubmissionEndpointReference$AttributedQName"/>
            <Class name="com.sun.xml.ws.developer.MemberSubmissionEndpointReference$AttributedQName"/>
        </Or>
        <Bug pattern="URF_UNREAD_PUBLIC_OR_PROTECTED_FIELD"/>
    </Match>
    <Match>
        <Or>
            <Class name="com.sun.xml.ws.db.DatabindingProviderImpl"/>
            <Class name="com.sun.xml.ws.fault.TextType"/>
        </Or>
        <Bug pattern="URF_UNREAD_FIELD"/>
    </Match>
    <!--
    We don't own asm.
    -->
    <Match>
        <Package name="com.sun.xml.ws.org.objectweb.asm"/>
    </Match>
    <!--
    As designed.
    -->
    <Match>
        <Or>
            <Class name="com.sun.xml.ws.transport.http.client.HttpCookie"/>
            <Class name="com.sun.xml.ws.transport.http.client.CookieManager"/>
        </Or>
        <Bug pattern="ES_COMPARING_PARAMETER_STRING_WITH_EQ"/>
    </Match>
    <!--
    As designed.
    -->
    <Match>
        <Or>
            <Class name="com.sun.xml.ws.util.NamespaceSupport$Context"/>
        </Or>
        <Bug pattern="ES_COMPARING_STRINGS_WITH_EQ"/>
    </Match>
    <Match>
        <Or>
            <Class name="com.sun.xml.ws.db.toplink.JAXBBond$CustomXMLStreamReaderReader"/>
        </Or>
        <Bug pattern="BC_UNCONFIRMED_CAST"/>
    </Match>
    <Match>
    <!--
    Low priority, findbugs does not recognize the instanceof check in ternary expression
    -->
        <Or>
		    <Class name="com.sun.xml.ws.api.message.saaj.SAAJFactory"/>
		</Or>
        <Bug pattern=" BC_UNCONFIRMED_CAST_OF_RETURN_VALUE"/>
    </Match>

    <!--
    Low priority, low rank - usually unfixable to keep compatibility
    -->
    <Match>
        <Bug pattern="NM_CONFUSING"/>
    </Match>
    
    <!--
    Low priority, low rank - but potential cause of NPEs when the code changes slightly
    -->
    <Match>
        <Bug pattern="RCN_REDUNDANT_NULLCHECK_OF_NONNULL_VALUE"/>
    </Match>

    <!--
    HttpTransportPipe.dump can't be final - glassfish change it
    during runtime
    -->
    <Match>
        <Class name="com.sun.xml.ws.transport.http.client.HttpTransportPipe" />
        <Bug pattern="MS_SHOULD_BE_FINAL" />
    </Match>


</FindBugsFilter>
