<?xml version="1.0" encoding="UTF-8"?>
<!--

    DO NOT ALTER OR REMOVE COPYRIGHT NOTICES OR THIS HEADER.

    Copyright (c) 2012-2017 Oracle and/or its affiliates. All rights reserved.

    The contents of this file are subject to the terms of either the GNU
    General Public License Version 2 only ("GPL") or the Common Development
    and Distribution License("CDDL") (collectively, the "License").  You
    may not use this file except in compliance with the License.  You can
    obtain a copy of the License at
    https://oss.oracle.com/licenses/CDDL+GPL-1.1
    or LICENSE.txt.  See the License for the specific
    language governing permissions and limitations under the License.

    When distributing the software, include this License Header Notice in each
    file and include the License file at LICENSE.txt.

    GPL Classpath Exception:
    Oracle designates this particular file as subject to the "Classpath"
    exception as provided by Oracle in the GPL Version 2 section of the License
    file that accompanied this code.

    Modifications:
    If applicable, add the following below the License Header, with the fields
    enclosed by brackets [] replaced by your own identifying information:
    "Portions Copyright [year] [name of copyright owner]"

    Contributor(s):
    If you wish your version of this file to be governed by only the CDDL or
    only the GPL Version 2, indicate your decision by adding "[Contributor]
    elects to include this software in this distribution under the [CDDL or GPL
    Version 2] license."  If you don't indicate a single choice of license, a
    recipient has the option to distribute your version of this file under
    either the CDDL, the GPL Version 2 or to extend the choice of license to
    its licensees as provided above.  However, if you add GPL Version 2 code
    and therefore, elected the GPL Version 2 license, then the option applies
    only if the new code is made subject to such option by the copyright
    holder.

-->

<!DOCTYPE book [
<!ENTITY % ents SYSTEM "docbook.ent">
%ents;
]>
<chapter version="5.0" xml:id="jax-ws-faq" xml:lang="en"
         xmlns="http://docbook.org/ns/docbook"
         xmlns:xlink="http://www.w3.org/1999/xlink"
         xmlns:ns5="http://www.w3.org/2000/svg"
         xmlns:ns3="http://www.w3.org/1999/xhtml"
         xmlns:ns="http://docbook.org/ns/docbook"
         xmlns:m="http://www.w3.org/1998/Math/MathML">
    <title>FAQ</title>

    <section xml:id="section-jaxws-faq1">
        <title>Does JAX-WS 2.0 support JAX-RPC 1.X?</title>
        <para>No. Although, JAX-WS's roots come from JAX-RPC, JAX-WS is a 
                completely different component than JAX-RPC.</para>
    </section>

    <section xml:id="section-jaxws-faq2">
        <title>What is the difference between JAX-RPC and JAX-WS ?</title>
        <para>One of the main difference between JAX-RPC and JAX-WS is the 
            programming model. A JAX-WS based service uses annotations (such @WebService) 
            to declare webservice endpoints. Use of these annotations obviates the need 
            for deployment descriptors. With JAX-WS, you can have a webservice deployed 
            on a Java EE compliant application server without a single deployment descriptor. 
            Apart from these, other additional features (such asynchronous callbacks etc) 
            are also present.
        </para>
    </section>

    <section xml:id="section-jaxws-faq3">
        <title> Can a JAX-WS and a JAX-RPC based service co-exist?</title>
        <para>Yes.</para>
    </section>

    <section xml:id="section-jaxws-faq4">
        <title> Is it downloadable from maven repository ?</title>
        <para>Yes from <link xlink:href="https://maven.java.net/content/repositories/releases/com/sun/xml/ws"/>.</para>
    </section>

    <section xml:id="section-jaxws-faq5">
        <title>How do I find out which version of the JAX-WS RI I'm using?</title>
        <para>Run the following command
<programlisting language="cli">$ wsgen or wsimport -version</programlisting>
Alternatively, each JAX-WS jar has version information in its META-INF/MANIFEST.MF.
        </para>        
    </section>
    
    <section xml:id="section-jaxws-faq6">
        <title>How can I change the Web Service address dynamically for a request ?</title>
        <para>
            <programlisting language="java">
((BindingProvider)proxy).getRequestContext().put(BindingProvider.ENDPOINT_ADDRESS_PROPERTY, "..."); 
            </programlisting>
        </para>
    </section>
    <section xml:id="section-jaxws-faq8">
        <title>How do I do basic authentication in JAX-WS ?</title>
        <para>
            You can do the following:
            <programlisting language="java">
HelloService service = new HelloService();
Hello proxy = (service.getHelloPort());
((BindingProvider)proxy).getRequestContext().put(BindingProvider.USERNAME_PROPERTY, "userfoo");
((BindingProvider)proxy).getRequestContext().put(BindingProvider.PASSWORD_PROPERTY, "passbar"); 
            </programlisting>
            USERNAME_PROPERTY, PASSWORD_PROPERTY are used primarily for service requests. 
            I think when you instantiate Service, it fetches WSDL and the server is returning 401. 
            You could try any one of the following solutions.
            <itemizedlist>
                <listitem>Use java.net.Authenticator class in your client application.</listitem>
                <listitem>Provide a local access to the WSDL using catalog. There is a catalog sample in the jax-ws distribution.</listitem>
                <listitem>Configure web.xml to allow GET requests without authentication</listitem>
            </itemizedlist>
        </para>
    </section>
    
    <section xml:id="section-jaxws-faq9">
        <title>Which standards are supported by JAXWS?</title>
        <para>
            <itemizedlist>
                <listitem>
                    <para>Web Services Addressing 1.0 - Core</para>
                </listitem>

                <listitem>
                    <para>Web Services Addressing 1.0 - SOAP
                    Binding</para>
                </listitem>

                <listitem>
                    <para>Web Services Addressing 1.0 - Metadata</para>
                </listitem>

                <listitem>
                    <para>Web Services Addressing 1.0 - WSDL Binding (RI
                    specific support)</para>
                </listitem>

                <listitem>
                    <para>WS-Addressing  - Member Submission</para>
                </listitem>

                <listitem>
                    <para>SOAP 1.1 and 1.2</para>
                </listitem>

                <listitem>
                    <para>REST and XML/HTTP</para>
                </listitem>

                <listitem>
                    <para>WS-I Basic Profile 1.2 and 2.0</para>
                </listitem>

                <listitem>
                    <para>WS-I Simple SOAP Binding Profile 1.0</para>
                </listitem>

                <listitem>
                    <para>WS-I Attachment Profile 1.0</para>
                </listitem>

                <listitem>
                    <para>MTOM</para>
                </listitem>
            </itemizedlist>
        </para>
    </section>

</chapter>
