<?xml version="1.0" encoding="UTF-8"?>
<!--

    DO NOT ALTER OR REMOVE COPYRIGHT NOTICES OR THIS HEADER.

    Copyright (c) 2012-2017 Oracle and/or its affiliates. All rights reserved.

    The contents of this file are subject to the terms of either the GNU
    General Public License Version 2 only ("GPL") or the Common Development
    and Distribution License("CDDL") (collectively, the "License").  You
    may not use this file except in compliance with the License.  You can
    obtain a copy of the License at
    https://oss.oracle.com/licenses/CDDL+GPL-1.1
    or LICENSE.txt.  See the License for the specific
    language governing permissions and limitations under the License.

    When distributing the software, include this License Header Notice in each
    file and include the License file at LICENSE.txt.

    GPL Classpath Exception:
    Oracle designates this particular file as subject to the "Classpath"
    exception as provided by Oracle in the GPL Version 2 section of the License
    file that accompanied this code.

    Modifications:
    If applicable, add the following below the License Header, with the fields
    enclosed by brackets [] replaced by your own identifying information:
    "Portions Copyright [year] [name of copyright owner]"

    Contributor(s):
    If you wish your version of this file to be governed by only the CDDL or
    only the GPL Version 2, indicate your decision by adding "[Contributor]
    elects to include this software in this distribution under the [CDDL or GPL
    Version 2] license."  If you don't indicate a single choice of license, a
    recipient has the option to distribute your version of this file under
    either the CDDL, the GPL Version 2 or to extend the choice of license to
    its licensees as provided above.  However, if you add GPL Version 2 code
    and therefore, elected the GPL Version 2 license, then the option applies
    only if the new code is made subject to such option by the copyright
    holder.

-->

<!DOCTYPE book [
<!ENTITY % ents SYSTEM "docbook.ent">
%ents;
]>
<section version="5.0" xml:id="tools-annotation-processing-ant-task" xml:lang="en"
         xmlns="http://docbook.org/ns/docbook"
         xmlns:xlink="http://www.w3.org/1999/xlink"
         xmlns:ns5="http://www.w3.org/2000/svg"
         xmlns:ns3="http://www.w3.org/1999/xhtml"
         xmlns:ns="http://docbook.org/ns/docbook"
         xmlns:m="http://www.w3.org/1998/Math/MathML">
    <title><command>annotationProcessing</command> Ant Task</title>

    <section>
        <title><command>annotationProcessing</command> Task Overview</title>

        <para>An Ant task for the <command>annotationProcessing</command> is provided with
        &jax-ws.product.name;.</para>
    </section>

    <section>
        <title><command>annotationProcessing</command> Task Attributes</title>

        <para>The attributes and elements supported by the Ant task almost the same as for the javac ant task.
            With only one restriction: by default jax-ws annotation processor will be used. There several additional
            attributes for usability improvement:</para>

        <informaltable frame="all">
            <tgroup cols="3" colsep="1" rowsep="1">
                <thead>
                    <row>
                        <entry>Attribute</entry>

                        <entry>Description</entry>

                        <entry>Required</entry>
                    </row>
                </thead>

                <tbody>
                    <row>
                        <entry><literal>procOnly</literal></entry>

                        <entry>Control whether annotation processing and compilation is done.
                            Can be <literal>true</literal> or <literal>false</literal>. Default is <literal>false</literal>.</entry>

                        <entry><literal>false</literal></entry>
                    </row>

                    <row>
                        <entry><literal>sourcedestdir</literal></entry>

                        <entry>Specify where to place processor generated
                        source files. <literal>-s &lt;path&gt;</literal></entry>

                        <entry><literal>true</literal></entry>
                    </row>
                </tbody>
            </tgroup>
        </informaltable>

        <para>The list of source files to be processed are specified via a
        nested <literal>&lt;srcdir&gt;</literal> element. That is, a <link
        xlink:href="http://ant.apache.org/manual/using.html#path">path-like
        structure</link>. The classpath attribute is a <link
        xlink:href="http://ant.apache.org/manual/using.html#path">path-like
        structure</link> and can also be set via nested
        <literal>&lt;classpath&gt;</literal> elements. Before this task can be
        used, a <literal>&lt;taskdef&gt;</literal> element needs to be added
        to the project as given below:</para>

        <informalexample>
            <programlisting language="xml"><![CDATA[<taskdef name="annotationProcessing"
        classname="com.sun.tools.ws.ant.AnnotationProcessingTask">
    <classpath refid="jaxws.classpath"/>
</taskdef>]]></programlisting>
        </informalexample>

        <para>where <literal>jaxws.classpath</literal> is a reference to a
        <link
        xlink:href="http://ant.apache.org/manual/using.html#path">path-like
        structure</link>, defined elsewhere in the build environment, and
        contains the list of classes required by the JAX-WS tools.</para>
    </section>

    <section xml:id="section-26459256796099617">
        <title><command>annotationProcessing</command> Task Examples</title>

        <informalexample>
            <programlisting language="xml"><![CDATA[<annotationProcessing
        destdir="${build.classes.home}"
        sourceDestDir="${build.classes.home}"
        srcdir="${basedir}/src"
        includes="*.java"
        sourcepath="${basedir}/src">
    <classpath refid="jaxws.classpath"/>
</annotationProcessing>]]></programlisting>
        </informalexample>

        <para>The above example processes the Java source files in the
        <literal>${basedir}/src</literal> directory and generates the source
        and class files in <literal>${build.classes.home}</literal>.
        <literal>${basedir}/src</literal> is directory used to search for
        source files for multiple <command>annotationProcessing</command> rounds. The classpath
        is a reference to a <link
        xlink:href="http://ant.apache.org/manual/using.html#path">path-like
        structure</link> <literal>jaxws.classpath</literal>, defined elsewhere
        in the build environment.</para>

        <informalexample>
            <programlisting language="xml"><![CDATA[<annotationProcessing
        debug="true"
        verbose="true"
        destdir="${build.classes.home}"
        srcdir="${basedir}/src""
        includes="**/server/*.java"
        sourceDestDir="${build.classes.home}"
        sourcepath="${basedir}/src">
    <classpath refid="jaxws.classpath"/>
</annotationProcessing>]]></programlisting>
        </informalexample>

        <para>The above example processes the Java source files in
        <literal>${basedir}/src/**/server</literal>, generates the source and
        class files in <literal>${build.classes.home}</literal>, compiles with
        debug information on, prints a message about what the compiler is
        doing. <literal>${basedir}/src</literal> is the
        directory used to search for source files for multiple
        <command>annotationProcessing</command> rounds. The classpath is a reference to a <link
        xlink:href="http://ant.apache.org/manual/using.html#path">path-like
        structure</link> <literal>jaxws.classpath</literal>, defined elsewhere
        in the build environment. This will also fork off the
        <command>annotationProcessing</command> process using the default
        <literal>java</literal> executable.</para>
    </section>
    <section xml:id="deprecated-apt">
        <title><command>Apt</command> Ant task</title>
        <para>
            For backwards compatibility <command>Apt</command> Ant task still exists, but is marked as deprecated,
            and can be used with certain restrictions.
        </para>
    </section>
</section>
