<?xml version="1.0" encoding="UTF-8"?>
<!--

    DO NOT ALTER OR REMOVE COPYRIGHT NOTICES OR THIS HEADER.

    Copyright (c) 2012-2017 Oracle and/or its affiliates. All rights reserved.

    The contents of this file are subject to the terms of either the GNU
    General Public License Version 2 only ("GPL") or the Common Development
    and Distribution License("CDDL") (collectively, the "License").  You
    may not use this file except in compliance with the License.  You can
    obtain a copy of the License at
    https://oss.oracle.com/licenses/CDDL+GPL-1.1
    or LICENSE.txt.  See the License for the specific
    language governing permissions and limitations under the License.

    When distributing the software, include this License Header Notice in each
    file and include the License file at LICENSE.txt.

    GPL Classpath Exception:
    Oracle designates this particular file as subject to the "Classpath"
    exception as provided by Oracle in the GPL Version 2 section of the License
    file that accompanied this code.

    Modifications:
    If applicable, add the following below the License Header, with the fields
    enclosed by brackets [] replaced by your own identifying information:
    "Portions Copyright [year] [name of copyright owner]"

    Contributor(s):
    If you wish your version of this file to be governed by only the CDDL or
    only the GPL Version 2, indicate your decision by adding "[Contributor]
    elects to include this software in this distribution under the [CDDL or GPL
    Version 2] license."  If you don't indicate a single choice of license, a
    recipient has the option to distribute your version of this file under
    either the CDDL, the GPL Version 2 or to extend the choice of license to
    its licensees as provided above.  However, if you add GPL Version 2 code
    and therefore, elected the GPL Version 2 license, then the option applies
    only if the new code is made subject to such option by the copyright
    holder.

-->

<!DOCTYPE book [
<!ENTITY % ents SYSTEM "docbook.ent">
%ents;
]>
<section version="5.0" xml:id="tools-wsgen" xml:lang="en"
         xmlns="http://docbook.org/ns/docbook"
         xmlns:xlink="http://www.w3.org/1999/xlink"
         xmlns:ns5="http://www.w3.org/2000/svg"
         xmlns:ns3="http://www.w3.org/1999/xhtml"
         xmlns:ns="http://docbook.org/ns/docbook"
         xmlns:m="http://www.w3.org/1998/Math/MathML">
    <title><command>wsgen</command></title>

    <section xml:id="wsgen-overview">
        <title><command>wsgen</command> Overview</title>

        <para>The <command>wsgen</command> tool generates JAX-WS portable
        artifacts used in JAX-WS web services. The tool reads a web service
        endpoint class and generates all the required artifacts for web
        service deployment, and invocation. &jax-ws.product.name; also
        provides a <xref linkend="tools-wsgen-ant-task"
        xrefstyle="select:title" />.</para>
    </section>

    <section xml:id="launching-wsgen">
        <title>Launching <command>wsgen</command></title>

        <itemizedlist>
            <listitem>
                <para><emphasis role="bold">Solaris/Linux</emphasis>
                <itemizedlist>
                        <listitem>
                            <programlisting language="cli">&jax-ws.home;<![CDATA[/bin/wsgen.sh -help]]></programlisting>
                        </listitem>
                    </itemizedlist></para>
            </listitem>

            <listitem>
                <para><emphasis role="bold">Windows</emphasis> <itemizedlist>
                        <listitem>
                            <programlisting language="cli">&jax-ws.home;<![CDATA[\bin\wsgen.bat -help]]></programlisting>
                        </listitem>
                    </itemizedlist></para>
            </listitem>
        </itemizedlist>
    </section>

    <section xml:id="wsgen-syntax">
        <title><command>wsgen</command> Syntax</title>

        <cmdsynopsis>
            <command>wsgen</command>

            <group choice="plain" rep="repeat">
                <arg choice="opt">OPTION</arg>
            </group>

            <arg choice="req" rep="norepeat">SEI</arg>
        </cmdsynopsis>

        <para>The following table lists the <command>wsgen</command>
        options:</para>

        <informaltable frame="all">
            <tgroup cols="2" colsep="1" rowsep="1">
                <thead>
                    <row>
                        <entry>Option</entry>

                        <entry>Description</entry>
                    </row>
                </thead>

                <tbody>
                    <row>
                        <entry><literal>-classpath
                        &lt;path&gt;</literal></entry>

                        <entry>Specify where to find input class
                        files.</entry>
                    </row>

                    <row>
                        <entry><literal>-cp &lt;path&gt;</literal></entry>

                        <entry>Same as <literal>-classpath
                        &lt;path&gt;</literal>.</entry>
                    </row>

                    <row>
                        <entry><literal>-d &lt;directory&gt;</literal></entry>

                        <entry>Specify where to place generated output
                        files.</entry>
                    </row>

                    <row>
                        <entry><literal>-extension</literal></entry>

                        <entry>Allow vendor extensions (functionality not
                        specified by the specification). Use of extensions may
                        result in applications that are not portable or may
                        not interoperate with other implementations.</entry>
                    </row>

                    <row>
                        <entry><literal>-help</literal></entry>

                        <entry>Display help.</entry>
                    </row>

                    <row>
                        <entry><literal>-J&lt;javacOption&gt;</literal></entry>

                        <entry>Pass this option to Javac compiler. Note: use '='
                        instead of space as a delimiter between option name
                        and its value.</entry>
                    </row>

                    <row>
                        <entry><literal>-keep</literal></entry>

                        <entry>Keep generated files.</entry>
                    </row>

                    <row>
                        <entry><literal>-r &lt;directory&gt;</literal></entry>

                        <entry>Used only in conjunction with the
                        -<option>wsdl</option> option. Specify where to place
                        generated resource files such as WSDLs.</entry>
                    </row>

                    <row>
                        <entry><literal>-s &lt;directory&gt;</literal></entry>

                        <entry>Specify where to place generated source
                        files.</entry>
                    </row>

                    <row>
                        <entry><literal>-encoding
                        &lt;encoding&gt;</literal></entry>

                        <entry>Set the encoding name for generated sources,
                        such as EUC-JP or UTF-8. If <option>-encoding</option>
                        is not specified, the platform default encoding is
                        used.</entry>
                    </row>

                    <row>
                        <entry><literal>-verbose</literal></entry>

                        <entry>Output messages about what the compiler is
                        doing.</entry>
                    </row>

                    <row>
                        <entry><literal>-version</literal></entry>

                        <entry>Print version information. Use of this option
                        will ONLY print version information. Normal processing
                        will not occur.</entry>
                    </row>

                    <row>
                        <entry><literal>-fullversion</literal></entry>

                        <entry>Print full version information. Use of this option
                            will ONLY print version information. Normal processing
                            will not occur.</entry>
                    </row>

                    <row>
                        <entry><literal>-wsdl[:protocol]</literal></entry>

                        <entry>By default <command>wsgen</command> does not
                        generate a WSDL file. This flag is optional and will
                        cause <command>wsgen</command> to generate a WSDL file
                        and is usually only used so that the developer can
                        look at the WSDL before the endpoint is deploy. The
                        <literal>protocol</literal> is optional and is used to
                        specify what protocol should be used in the
                        <literal>wsdl:binding</literal>. Valid protocols
                        include: <literal>soap1.1</literal> and
                        <literal>Xsoap1.2</literal>. The default is
                        <literal>soap1.1</literal>.
                        <literal>Xsoap1.2</literal> is not standard and can
                        only be used in conjunction with the
                        <option>-extension</option> option.</entry>
                    </row>

                    <row>
                        <entry><literal>-servicename
                        &lt;name&gt;</literal></entry>

                        <entry><para>Used only in conjunction with the
                        <option>-wsdl</option> option. Used to specify a
                        particular <literal>wsdl:service</literal> name to be
                        generated in the WSDL. Example:</para><programlisting
                        language="cli"><![CDATA[-servicename "{http://mynamespace/}MyService"]]></programlisting></entry>
                    </row>

                    <row>
                        <entry><literal>-portname
                        &lt;name&gt;</literal></entry>

                        <entry><para>Used only in conjunction with the
                        <option>-wsdl</option> option. Used to specify a
                        particular <literal>wsdl:port</literal> name to be
                        generated in the WSDL. Example:</para><programlisting
                        language="cli"><![CDATA[-portname "{http://mynamespace/}MyPort"]]></programlisting></entry>
                    </row>

                    <row>
                        <entry><literal>-inlineSchemas</literal></entry>

                        <entry>Used to inline schemas in a generated wsdl.
                        Must be used in conjunction with the
                        <option>-wsdl</option> option.</entry>
                    </row>
                    <row>
                        <entry><literal>-x &lt;path&gt;</literal></entry>

                        <entry>Used to specify <xref linkend="users-guide-external-metadata" xrefstyle="select:title" />
                            xml descriptor to be used. If there are more such files,
                            the option must be used before each of those.
                        </entry>
                    </row>
                    <row>
                        <entry><literal>-Xnocompile</literal></entry>

                        <entry>Do not compile generated Java files.</entry>
                    </row>
                </tbody>
            </tgroup>
        </informaltable>
    </section>

    <section xml:id="wsgen-example">
        <title><command>wsgen</command> Example</title>

        <para><programlisting language="cli" role="bold"><![CDATA[wsgen -d stock -cp myclasspath stock.StockService]]></programlisting></para>

        <para>This will generate the wrapper classes needed for
        <literal>StockService</literal> annotated with
        <literal>@WebService</literal> annotation inside the <filename
        role="bold">stock</filename> directory.</para>

        <para><programlisting language="cli" role="bold"><![CDATA[wsgen -wsdl -d stock -cp myclasspath stock.StockService]]></programlisting></para>

        <para>This will generate a SOAP 1.1 WSDL and schema for your Java
        class <literal>stock.StockService</literal> annotated with
        <literal>@WebService</literal> annotation.</para>

        <para><programlisting language="cli" role="bold"><![CDATA[wsgen -wsdl:Xsoap1.2 -d stock -cp myclasspath stock.StockService]]></programlisting></para>

        <para>Will generate a SOAP 1.2 WSDL.</para>

        <note>
            <para>You don't have to generate WSDL at the development time as
            JAX-WS runtime will automatically generate a WSDL for you when you
            deploy your service.</para>
        </note>
    </section>
</section>
