<?xml version="1.0" encoding="UTF-8"?>
<!--

    DO NOT ALTER OR REMOVE COPYRIGHT NOTICES OR THIS HEADER.

    Copyright (c) 2012-2017 Oracle and/or its affiliates. All rights reserved.

    The contents of this file are subject to the terms of either the GNU
    General Public License Version 2 only ("GPL") or the Common Development
    and Distribution License("CDDL") (collectively, the "License").  You
    may not use this file except in compliance with the License.  You can
    obtain a copy of the License at
    https://oss.oracle.com/licenses/CDDL+GPL-1.1
    or LICENSE.txt.  See the License for the specific
    language governing permissions and limitations under the License.

    When distributing the software, include this License Header Notice in each
    file and include the License file at LICENSE.txt.

    GPL Classpath Exception:
    Oracle designates this particular file as subject to the "Classpath"
    exception as provided by Oracle in the GPL Version 2 section of the License
    file that accompanied this code.

    Modifications:
    If applicable, add the following below the License Header, with the fields
    enclosed by brackets [] replaced by your own identifying information:
    "Portions Copyright [year] [name of copyright owner]"

    Contributor(s):
    If you wish your version of this file to be governed by only the CDDL or
    only the GPL Version 2, indicate your decision by adding "[Contributor]
    elects to include this software in this distribution under the [CDDL or GPL
    Version 2] license."  If you don't indicate a single choice of license, a
    recipient has the option to distribute your version of this file under
    either the CDDL, the GPL Version 2 or to extend the choice of license to
    its licensees as provided above.  However, if you add GPL Version 2 code
    and therefore, elected the GPL Version 2 license, then the option applies
    only if the new code is made subject to such option by the copyright
    holder.

-->

<!DOCTYPE book [
<!ENTITY % ents SYSTEM "docbook.ent">
%ents;
]>
<section version="5.0" xml:id="tools-annotation-processing" xml:lang="en"
         xmlns="http://docbook.org/ns/docbook"
         xmlns:xlink="http://www.w3.org/1999/xlink"
         xmlns:ns5="http://www.w3.org/2000/svg"
         xmlns:ns3="http://www.w3.org/1999/xhtml"
         xmlns:ns="http://docbook.org/ns/docbook"
         xmlns:m="http://www.w3.org/1998/Math/MathML">
    <title><command>Annotation Processing</command></title>

    <section xml:id="javac-annotation-processing">
        <title><command>javac</command> annotation processing</title>

        <para>As an improvement for the <command>apt</command> <link
                xlink:href="http://www.jcp.org/en/jsr/detail?id=269">Pluggable Annotation Processing API</link>
            was introduced in Java SE 6. It provides an API to allow the processing of <link
            xlink:href="http://www.jcp.org/en/jsr/detail?id=175">JSR 175</link> annotations
            (metadata); this will require modeling elements of the <emphasis>Java</emphasis> TM
            <emphasis>programming language</emphasis> as well as processing-specific functionality.
        </para>

        <para>The <command>javac</command> generates the portable artifacts
        used in JAX-WS services.</para>
    </section>

    <section xml:id="javac-annotation-processing-syntax">
        <title><command>javac</command> Annotation Processing Syntax</title>

        <cmdsynopsis>
            <command>javac</command>

            <group choice="plain" rep="repeat">
                <arg choice="opt">JAVAC_OPTION</arg>
            </group>

            <group choice="plain" rep="repeat">
                <arg choice="req" rep="norepeat">SOURCE_FILE</arg>
            </group>
        </cmdsynopsis>

        <para>The following table lists the <command>javac</command>
        options useful for annotation processing:</para>

        <informaltable frame="all">
            <tgroup cols="2" colsep="1" rowsep="1">
                <thead>
                    <row>
                        <entry>Option</entry>

                        <entry>Description</entry>
                    </row>
                </thead>

                <tbody>
                    <row>
                        <entry><literal>-classpath &lt;path&gt;</literal> </entry>

                        <entry>Specifies where to find user class files and
                        annotation processor factories.</entry>
                    </row>

                    <row>
                        <entry><literal>-d &lt;path&gt;</literal></entry>

                        <entry>Specifies where to place processor generated class files.</entry>
                    </row>

                    <row>
                        <entry><literal>-s &lt;path&gt;</literal></entry>

                        <entry>Specifies where to place processor generated source files.</entry>
                    </row>

                    <row>
                        <entry><literal>-source &lt;release&gt;</literal></entry>

                        <entry>Provide source compatibility with the specified release.</entry>
                    </row>

                    <row>
                        <entry><literal>-Xprint</literal></entry>

                        <entry>Print out textual representation of specified types for debugging purposes; perform neither annotation
                            processing nor compilation. The format of the output may change.</entry>
                    </row>

                    <row>
                        <entry><literal>-XprintProcessorInfo</literal></entry>

                        <entry>Print information about which annotations a processor is asked to process.</entry>
                    </row>

                    <row>
                        <entry><literal>-XprintRounds</literal></entry>

                        <entry>Print information about initial and subsequent annotation processing rounds.</entry>
                    </row>

                    <row>
                        <entry><literal>-A[key[=value]]</literal></entry>

                        <entry>Options to pass to annotation processors.</entry>
                    </row>

                    <row>
                        <entry><literal>-proc:{none,only}</literal></entry>

                        <entry>Control whether annotation processing and/or compilation is done.</entry>
                    </row>


                    <row>
                        <entry><literal>-sourcepath &lt;path&gt;</literal> </entry>

                        <entry>Specify where to find input source files.</entry>
                    </row>

                    <row>
                        <entry><literal>-endorseddirs &lt;dirs&gt;</literal> </entry>

                        <entry>Override location of endorsed standards path.</entry>
                    </row>

                    <row>
                        <entry><literal>-processor &lt;class1&gt;[,&lt;class2&gt;...]</literal></entry>

                        <entry>Names of the annotation processors to run; bypasses default discovery process</entry>
                    </row>

                    <row>
                        <entry><literal>-processorpath &lt;path&gt;</literal></entry>

                        <entry>Specify where to find annotation processors</entry>
                    </row>
                </tbody>
            </tgroup>
        </informaltable>

        <para>
            More options and detailed information on <command>javac</command> can be found <link
            xlink:href="http://docs.oracle.com/javase/6/docs/technotes/tools/windows/javac.html">here</link>.
        </para>

        <para>It is important when using <command>javac</command> with JAX-WS to
        specify all of the JAR files in the distributed JAX-WS bundle in the
        classpath passed to <command>javac</command>. As JAX-WS annotation processor you have to specify
        <literal>com.sun.tools.ws.processor.modeler.annotation.WebServiceAp</literal>. The
        <literal>-sourcepath &lt;path&gt;</literal> option must also be provided so that
        <command>javac</command> and the JAX-WS annotation processor can find
        all types referenced by a web service endpoint implementation
        class. In case you don't have additional annotation processors it's recommended to use
        <xref linkend="tools-annotation-processing-ant-task" xrefstyle="select:title"/>.
        </para>
    </section>
</section>
