<?xml version="1.0" encoding="UTF-8"?>
<!--

    DO NOT ALTER OR REMOVE COPYRIGHT NOTICES OR THIS HEADER.

    Copyright (c) 2012-2017 Oracle and/or its affiliates. All rights reserved.

    The contents of this file are subject to the terms of either the GNU
    General Public License Version 2 only ("GPL") or the Common Development
    and Distribution License("CDDL") (collectively, the "License").  You
    may not use this file except in compliance with the License.  You can
    obtain a copy of the License at
    https://oss.oracle.com/licenses/CDDL+GPL-1.1
    or LICENSE.txt.  See the License for the specific
    language governing permissions and limitations under the License.

    When distributing the software, include this License Header Notice in each
    file and include the License file at LICENSE.txt.

    GPL Classpath Exception:
    Oracle designates this particular file as subject to the "Classpath"
    exception as provided by Oracle in the GPL Version 2 section of the License
    file that accompanied this code.

    Modifications:
    If applicable, add the following below the License Header, with the fields
    enclosed by brackets [] replaced by your own identifying information:
    "Portions Copyright [year] [name of copyright owner]"

    Contributor(s):
    If you wish your version of this file to be governed by only the CDDL or
    only the GPL Version 2, indicate your decision by adding "[Contributor]
    elects to include this software in this distribution under the [CDDL or GPL
    Version 2] license."  If you don't indicate a single choice of license, a
    recipient has the option to distribute your version of this file under
    either the CDDL, the GPL Version 2 or to extend the choice of license to
    its licensees as provided above.  However, if you add GPL Version 2 code
    and therefore, elected the GPL Version 2 license, then the option applies
    only if the new code is made subject to such option by the copyright
    holder.

-->

<!DOCTYPE book [
<!ENTITY % ents SYSTEM "docbook.ent">
%ents;
]>
<section version="5.0" xml:id="tools-wsgen-ant-task" xml:lang="en"
         xmlns="http://docbook.org/ns/docbook"
         xmlns:xlink="http://www.w3.org/1999/xlink"
         xmlns:ns5="http://www.w3.org/2000/svg"
         xmlns:ns3="http://www.w3.org/1999/xhtml"
         xmlns:ns="http://docbook.org/ns/docbook"
         xmlns:m="http://www.w3.org/1998/Math/MathML">
    <title><command>wsgen</command> Ant Task</title>

    <section xml:id="wsgen-task-overview">
        <title><command>wsgen</command> Task Overview</title>

        <para><literal>wsgen</literal> generates JAX-WS portable artifacts
        used in JAX-WS web services. The tool reads a web service endpoint
        class and generates all the required artifacts for web service
        deployment, and invocation.</para>
    </section>

    <section xml:id="using-wsgen-task">
        <title>Using <command>wsgen</command> Task</title>

        <para>Before this task can be used, a <literal>&lt;taskdef&gt;</literal>
        element needs to be added to the project as given below:</para>

        <informalexample>
            <programlisting language="xml"><![CDATA[<taskdef name="wsgen" classname="com.sun.tools.ws.ant.WsGen">
    <classpath path="jaxws.classpath"/>
</taskdef>]]></programlisting>
        </informalexample>

        <para>where <literal>jaxws.classpath</literal> is a reference to a
        <link
        xlink:href="http://ant.apache.org/manual/using.html#path">path-like
        structure</link>, defined elsewhere in the build environment, and
        contains the list of classes required by the JAX-WS tools.</para>

        <section xml:id="wsgen-task-envvar">
            <title>Environment Variables</title>

            <itemizedlist>
                <listitem>
                    <para><link
                    xlink:href="http://wiki.apache.org/ant/TheElementsOfAntStyle">ANT_OPTS</link>
                    - command-line arguments that should be passed to the JVM.
                    For example, you can define system properties or set the
                    maximum Java heap size here.</para>
                </listitem>
            </itemizedlist>
        </section>

    <section xml:id="wsgen-task-attributes">
        <title><command>wsgen</command> Task Attributes</title>

        <para>The attributes and elements supported by the Ant task are listed
        below:</para>

        <informalexample>
            <programlisting language="xml"><![CDATA[<wsgen
        sei="..."
        destdir="directory for generated class files"
        classpath="classpath" | cp="classpath"
        resourcedestdir="directory for generated resource files such as WSDLs"
        sourcedestdir="directory for generated source files"
        keep="true|false"
        encoding="..."
        verbose="true|false"
        genwsdl="true|false"
        protocol="soap1.1|Xsoap1.2"
        servicename="..."
        portname="..."
        extension="true|false"
        inlineSchemas="true|false"
        fork="true|false"
        failonerror="true|false"
        xnocompile="true|false">
    <classpath refid="..."/>
    <externalmetadata file="..."/>
    <javacarg value="..."/>
    <jvmarg value="..."/>
</wsgen>]]></programlisting>
        </informalexample>

        <informaltable frame="all">
            <tgroup cols="4" colsep="1" rowsep="1">
                <thead>
                    <row>
                        <entry><emphasis
                        role="bold">Attribute</emphasis></entry>

                        <entry><emphasis
                        role="bold">Description</emphasis></entry>

                        <entry><emphasis
                        role="bold">Required</emphasis></entry>

                        <entry><emphasis role="bold">Command
                        line</emphasis></entry>
                    </row>
                </thead>

                <tbody>
                    <row>
                        <entry><literal>sei</literal></entry>

                        <entry>Name of the service endpoint implementation
                        class.</entry>

                        <entry>Yes.</entry>

                        <entry>SEI</entry>
                    </row>

                    <row>
                        <entry><literal>destdir</literal></entry>

                        <entry>Specify where to place output generated
                        classes.</entry>

                        <entry>No. Defaults to current working
                        directory.</entry>

                        <entry><literal>-d</literal></entry>
                    </row>

                    <row>
                        <entry><literal>classpath</literal></entry>

                        <entry>Specify where to find input class
                        files.</entry>

                        <entry morerows="1">One of these or nested
                        <literal>classpath</literal> element.
                        </entry>

                        <entry><literal>-classpath</literal></entry>
                    </row>

                    <row>
                        <entry><literal>cp</literal></entry>

                        <entry>Same as <literal>-classpath</literal>.</entry>

                        <entry><literal>-cp</literal></entry>
                    </row>

                    <row>
                        <entry><literal>resourcedestdir</literal></entry>

                        <entry>Used only in conjunction with the -wsdl option.
                        Specify where to place generated resource files such
                        as WSDLs.</entry>

                        <entry>No. Defaults to <literal>destDir</literal>.</entry>

                        <entry><literal>-r</literal></entry>
                    </row>

                    <row>
                        <entry><literal>sourcedestdir</literal></entry>

                        <entry>Specify where to place generated source
                        files.</entry>

                        <entry>No. Defaults to current working
                            directory.</entry>

                        <entry><literal>-s</literal></entry>
                    </row>

                    <row>
                        <entry><literal>encoding</literal></entry>

                        <entry>Set the encoding name for generated sources,
                        such as UTF-8.</entry>

                        <entry>No. Defaults to platform default.</entry>

                        <entry><literal>-encoding</literal></entry>
                    </row>

                    <row>
                        <entry><literal>keep</literal></entry>

                        <entry>Keep generated files.</entry>

                        <entry>No. Defaults to false.</entry>

                        <entry><literal>-keep</literal></entry>
                    </row>

                    <row>
                        <entry><literal>verbose</literal></entry>

                        <entry>Output JAX_WS RI version and messages about what the compiler is
                        doing.</entry>

                        <entry>No. Defaults to false.</entry>

                        <entry><literal>-verbose</literal></entry>
                    </row>

                    <row>
                        <entry><literal>genwsdl</literal></entry>

                        <entry>Specify that a WSDL file should be
                        generated.</entry>

                        <entry>No. Defaults to false.</entry>

                        <entry><literal>-wsdl</literal></entry>
                    </row>

                    <row>
                        <entry><literal>protocol</literal></entry>

                        <entry>Used in conjunction with
                        <literal>genwsdl</literal> to specify the protocol to
                        use in the <literal>wsdl:binding</literal>. Value
                        values are <literal>"soap1.1"</literal> or
                        <literal>"Xsoap1.2"</literal>, default is
                        <literal>"soap1.1".</literal>
                        <literal>"Xsoap1.2"</literal> is not standard and can
                        only be used in conjunction with the -extensions
                        option.</entry>

                        <entry>No. Defaults to <literal>-wsdl:soap11</literal>.</entry>

                        <entry><literal>-wsdl[:protocol]</literal></entry>
                    </row>

                    <row>
                        <entry><literal>servicename</literal></entry>

                        <entry><para>Used in conjunction with the genwsdl
                        option. Used to specify a particular
                        <literal>wsdl:service</literal> name for the generated
                        WSDL. Example:</para><programlisting language="xml"><![CDATA[servicename="{http://mynamespace/}MyService"]]></programlisting></entry>

                        <entry>No. No defaults.</entry>

                        <entry><literal>-servicename</literal></entry>
                    </row>

                    <row>
                        <entry><literal>portname</literal></entry>

                        <entry><para>Used in conjunction with the genwsdl
                        option. Used to specify a particular
                        <literal>wsdl:portname</literal> name for the
                        generated WSDL. Example:</para><programlisting
                        language="xml"><![CDATA[portname="{http://mynamespace/}MyPort"]]></programlisting></entry>

                        <entry>No. No defaults.</entry>

                        <entry><literal>-portname</literal></entry>
                    </row>

                    <row>
                        <entry><literal>extension</literal></entry>

                        <entry>Allow vendor extensions (functionality not
                        specified by the specification). Use of extensions may
                        result in applications that are not portable or may
                        not interoperate with other implementations.</entry>

                        <entry>No. Defaults to false.</entry>

                        <entry><literal>-extension</literal></entry>
                    </row>

                    <row>
                        <entry><literal>inlineSchemas</literal></entry>

                        <entry>Used to inline schemas in a generated wsdl.
                        Must be used in conjunction with the
                        <literal>wsdl</literal> option.</entry>

                        <entry>No. Defaults to false.</entry>

                        <entry><literal>-inlineSchemas</literal></entry>
                    </row>

                    <row>
                        <entry><literal>fork</literal></entry>

                        <entry>Used to execute wsgen using forked VM.</entry>

                        <entry>No. Defaults to false.</entry>

                        <entry>None.</entry>
                    </row>

                        <row>
                            <entry><literal>failonerror</literal></entry>

                            <entry>Indicates whether errors will fail the build.</entry>

                            <entry>No. Defaults to true.</entry>

                            <entry>None.</entry>
                        </row>

                        <row>
                            <entry><literal>xnocompile</literal></entry>

                            <entry>Do not compile generated Java files.</entry>

                            <entry>No. Defaults to false.</entry>

                            <entry><literal>-Xnocompile</literal></entry>
                        </row>

                </tbody>
            </tgroup>
        </informaltable>

        <para>The <literal>classpath</literal>/<literal>cp</literal> attribute is
        a <link xlink:href="http://ant.apache.org/manual/using.html#path">path-like
        structure</link> and can also be set via nested
        <literal>&lt;classpath&gt;</literal> elements. </para>
    </section>

        <section xml:id="section-wsgen-ant-nestedelements">
            <title>Nested Elements</title>

            <para><command>wsgen</command> supports the following nested
            element parameters.</para>

            <section xml:id="section-wsgen-ant-extmetadata">
                <title><literal>external-metadata</literal></title>

                <para>An optional element <literal>external-metadata</literal>
                can be used if there are any web service metadata to be
                specified in xml file instead of java annotations: </para>

                <informalexample>
                    <programlisting language="xml"><![CDATA[<wsgen
        resourcedestdir="${wsdl.dir}"
        sei="fromjava.server.AddNumbersImpl">
    <classpath refid="compile.classpath"/>
    <external-metadata file="metadata-AddNumbersImpl.xml"/>
</wsgen>]]></programlisting>
        </informalexample>

                <para>For details see
                <xref linkend="users-guide-external-metadata" xrefstyle="select:title" />.</para>
            </section>

            <section xml:id="section-wsgen-ant-javacarg">
                <title><literal>javacarg</literal></title>

                <para>The usage is similar to <literal>&lt;arg&gt;</literal>
                nested element, except that these arguments are directly passed
                to the Javac Compiler, which will be used for compiling sources
                generated during processing the referenced wsdl. For details
                about the syntax, see <link
                xlink:href="http://ant.apache.org/manual/using.html#arg">the
                relevant section</link> in the Ant manual.
                Note: use '=' instead of space as a delimiter between
                option name and its value.</para>
            </section>

            <section xml:id="section-wsgen-ant-jvmarg">
                <title><literal>jvmarg</literal></title>

                <para>Use nested <literal>&lt;jvmarg&gt;</literal> elements to
                specify arguments for the the forked VM (ignored if fork is
                disabled), see <link
                xlink:href="http://ant.apache.org/manual/using.html#arg">the
                relevant section</link> in the Ant manual.</para>
            </section>

        </section>
    </section>

    <section xml:id="wsgen-task-example">
        <title><command>wsgen</command> Task Examples</title>

        <informalexample>
            <programlisting language="xml"><![CDATA[<wsgen
        resourcedestdir="${wsdl.dir}"
        sei="fromjava.server.AddNumbersImpl">
    <classpath refid="compile.classpath"/>
</wsgen>]]></programlisting>
        </informalexample>
    </section>
</section>
