<?xml version="1.0" encoding="UTF-8"?>
<!--

    DO NOT ALTER OR REMOVE COPYRIGHT NOTICES OR THIS HEADER.

    Copyright (c) 2012-2017 Oracle and/or its affiliates. All rights reserved.

    The contents of this file are subject to the terms of either the GNU
    General Public License Version 2 only ("GPL") or the Common Development
    and Distribution License("CDDL") (collectively, the "License").  You
    may not use this file except in compliance with the License.  You can
    obtain a copy of the License at
    https://oss.oracle.com/licenses/CDDL+GPL-1.1
    or LICENSE.txt.  See the License for the specific
    language governing permissions and limitations under the License.

    When distributing the software, include this License Header Notice in each
    file and include the License file at LICENSE.txt.

    GPL Classpath Exception:
    Oracle designates this particular file as subject to the "Classpath"
    exception as provided by Oracle in the GPL Version 2 section of the License
    file that accompanied this code.

    Modifications:
    If applicable, add the following below the License Header, with the fields
    enclosed by brackets [] replaced by your own identifying information:
    "Portions Copyright [year] [name of copyright owner]"

    Contributor(s):
    If you wish your version of this file to be governed by only the CDDL or
    only the GPL Version 2, indicate your decision by adding "[Contributor]
    elects to include this software in this distribution under the [CDDL or GPL
    Version 2] license."  If you don't indicate a single choice of license, a
    recipient has the option to distribute your version of this file under
    either the CDDL, the GPL Version 2 or to extend the choice of license to
    its licensees as provided above.  However, if you add GPL Version 2 code
    and therefore, elected the GPL Version 2 license, then the option applies
    only if the new code is made subject to such option by the copyright
    holder.

-->

<!DOCTYPE book [
<!ENTITY % ents SYSTEM "docbook.ent">
%ents;
]>
<section version="5.0" xml:id="users-guide-catalog" xml:lang="en"
         xmlns="http://docbook.org/ns/docbook"
         xmlns:xlink="http://www.w3.org/1999/xlink"
         xmlns:ns5="http://www.w3.org/1999/xhtml"
         xmlns:ns4="http://www.w3.org/2000/svg"
         xmlns:ns="http://docbook.org/ns/docbook"
         xmlns:m="http://www.w3.org/1998/Math/MathML">
    <title>Catalog</title>

    <section xml:id="section-529979392543239">
        <title>Catalog Support</title>

        <para>Often times, such as for performance reason or your application
        specific needs, you have a need where you want to resolve the
        WSDL/Schema documents resolved from the copy of it you have either
        bundled with your client or server or just to resolve it not from
        where a WSDL/schema imports points to but rather from where you want
        it to be picked up.</para>

        <section xml:id="section-459374253706355">
            <title>A Sample catalog file</title>

            <example>
                <title><filename>jax-ws-catalog.xml</filename></title>

                <programlisting><![CDATA[<catalog xmlns="urn:oasis:names:tc:entity:xmlns:xml:catalog"
        prefer=" system">
    
    ...

    < system systemId=" http://foo.org/hello?wsdl" uri="HelloService.wsdl"/>
</catalog>]]></programlisting>
            </example>

            <section xml:id="section-695398485401359">
                <title>Location of the catalog file</title>

                <itemizedlist>
                    <listitem>
                        <para>For <command>wsimport</command> command-line or
                        ant task <itemizedlist>
                                <listitem>
                                    <para>use <option>-catalog</option> option to pass
                                    the catalog file. The name of the catalog file does
                                    not matter for <command>wsimport</command> tool but
                                    for consistency you may like to call it
                                    <filename>jax-ws-catalog.xml</filename></para>
                                </listitem>

                                <listitem>
                                    <para>use <programlisting language="xml"><![CDATA[<wsimport catalog="''>]]></programlisting>or<programlisting><![CDATA[<xmlcatalog ... />]]></programlisting>with
                                    <command>wsimport</command> ant task</para>
                                </listitem>
                            </itemizedlist></para>
                    </listitem>

                    <listitem>
                        <para>Client Runtime <itemizedlist>
                                <listitem>
                                    <para><filename>META-INF/jax-ws-catalog.xml</filename>
                                    picked up from classpath</para>
                                </listitem>
                            </itemizedlist></para>
                    </listitem>

                    <listitem>
                        <para>Lightweight HTTP server (j2se) based endpoints
                        <itemizedlist>
                                <listitem>
                                    <para><filename>META-INF/jax-ws-catalog.xml</filename>
                                    picked up from classpath</para>
                                </listitem>
                            </itemizedlist></para>
                    </listitem>

                    <listitem>
                        <para>Servlet based endpoints or JSR 109 based Web
                        Module <itemizedlist>
                                <listitem>
                                    <para><filename>WEB-INF/jax-ws-catalog.xml</filename></para>
                                </listitem>
                            </itemizedlist></para>
                    </listitem>

                    <listitem>
                        <para>JSR 109 based EJB Modules <itemizedlist>
                                <listitem>
                                    <para><filename>META-INF/jax-ws-catalog.xml</filename></para>
                                </listitem>
                            </itemizedlist></para>
                    </listitem>
                </itemizedlist>

                <para>For details on XML catalog see <link
                xlink:href="http://xml.apache.org/commons/components/resolver/resolver-article.html">here</link>.</para>
            </section>
        </section>
    </section>
</section>
