<?xml version="1.0" encoding="UTF-8"?>
<!--

    DO NOT ALTER OR REMOVE COPYRIGHT NOTICES OR THIS HEADER.

    Copyright (c) 2012-2017 Oracle and/or its affiliates. All rights reserved.

    The contents of this file are subject to the terms of either the GNU
    General Public License Version 2 only ("GPL") or the Common Development
    and Distribution License("CDDL") (collectively, the "License").  You
    may not use this file except in compliance with the License.  You can
    obtain a copy of the License at
    https://oss.oracle.com/licenses/CDDL+GPL-1.1
    or LICENSE.txt.  See the License for the specific
    language governing permissions and limitations under the License.

    When distributing the software, include this License Header Notice in each
    file and include the License file at LICENSE.txt.

    GPL Classpath Exception:
    Oracle designates this particular file as subject to the "Classpath"
    exception as provided by Oracle in the GPL Version 2 section of the License
    file that accompanied this code.

    Modifications:
    If applicable, add the following below the License Header, with the fields
    enclosed by brackets [] replaced by your own identifying information:
    "Portions Copyright [year] [name of copyright owner]"

    Contributor(s):
    If you wish your version of this file to be governed by only the CDDL or
    only the GPL Version 2, indicate your decision by adding "[Contributor]
    elects to include this software in this distribution under the [CDDL or GPL
    Version 2] license."  If you don't indicate a single choice of license, a
    recipient has the option to distribute your version of this file under
    either the CDDL, the GPL Version 2 or to extend the choice of license to
    its licensees as provided above.  However, if you add GPL Version 2 code
    and therefore, elected the GPL Version 2 license, then the option applies
    only if the new code is made subject to such option by the copyright
    holder.

-->

<!DOCTYPE book [
<!ENTITY % ents SYSTEM "docbook.ent">
%ents;
]>
<section version="5.0" xml:id="users-guide-modular-databinding" xml:lang="en"
         xmlns="http://docbook.org/ns/docbook"
         xmlns:xlink="http://www.w3.org/1999/xlink"
         xmlns:ns5="http://www.w3.org/2000/svg"
         xmlns:ns3="http://www.w3.org/1999/xhtml"
         xmlns:ns="http://docbook.org/ns/docbook"
         xmlns:m="http://www.w3.org/1998/Math/MathML">
    <title>Modular Databinding</title>

    <section xml:id="md-introduction">
        <title>Introduction</title>

        <para>The JAX-WS reference implementation (RI) used to be dependent
        on the JAXB RI for databinding. JAXB and JAX-WS implementations have 
        been decoupled, and databinding is now modular.
        The Eclipselink JAXB implementation, plus EclipseLink extensions,
        is called MOXy. The <code>org.eclipse.persistence.moxy.jar</code> file 
        is bundled with GlassFish Server, which supports the JAXB RI and MOXy 
        as databinding providers.
        For standalone distributions, databinding plugins can be found in
        <code>lib/plugins</code> folder in the distribution. The MOXy
        implementation (library) is not bundled with JAX-WS. It's expected from
        user to provide MOXy jars to classpath whenever MOXy databinding is 
        required. EclipseLink JAXB compiler is not included as well, but can be 
        used with GlassFish Server. Download the EclipseLink zip file at
        <link xlink:href="http://www.eclipse.org/eclipselink/downloads/">http://www.eclipse.org/eclipselink/downloads/</link>
        and unzip it.
        </para>
    </section>
        
    <section xml:id="md-jvm">
        <title>Configure databinding for JVM</title>

        <para>To specify the databinding provider for the JVM, set the 
        <code>com.sun.xml.ws.spi.db.BindingContextFactory</code> JVM property 
        to one of the following values:</para>

        <itemizedlist>
            <listitem>
                <emphasis role="bold"><code>com.sun.xml.ws.db.glassfish.JAXBRIContextFactory</code></emphasis>
                Specifies the JAXB reference implementation. This is the default.
            </listitem>
            <listitem>
                <emphasis role="bold"><code>com.sun.xml.ws.db.toplink.JAXBContextFactory</code></emphasis>
                Specifies the EclipseLink MOXy JAXB binding.
            </listitem>
        </itemizedlist>

        <para>For example:</para>

        <code>
            asadmin create-jvm-options -Dcom.sun.xml.ws.spi.db.BindingContextFactory=com.sun.xml.ws.db.toplink.JAXBContextFactory
        </code>
    </section>

    <section xml:id="md-endpoint">
        <title>Configure databinding for an endpoint</title>

        <para>To specify the databinding provider for a web service endpoint:</para>

        <itemizedlist>
            <listitem>
                Set the <code>com.oracle.webservices.api.databinding.DatabindingModeFeature</code> 
                feature during <code>WebServiceFeature</code> list initialization
                or using the <code>add</code> method. Allowed values are as follows:

                <itemizedlist>
                    <listitem>
                        <emphasis role="bold"><code>com.oracle.webservices.api.databinding.DatabindingModeFeature.GLASSFISH_JAXB</code></emphasis>
                        Specifies the JAXB reference implementation. This is the default.
                    </listitem>
                    <listitem>
                        <emphasis role="bold"><code>com.sun.xml.ws.db.toplink.JAXBContextFactory.ECLIPSELINK_JAXB</code></emphasis>
                        Specifies Eclipselink MOXy JAXB binding.
                    </listitem>
                </itemizedlist>

                For example:
                <programlisting language="java" linenumbering="unnumbered">
import javax.xml.ws.WebServiceFeature;
import com.oracle.webservices.api.databinding.DatabindingModeFeature;
import com.sun.xml.ws.db.toplink.JAXBContextFactory;
...
WebServiceFeature[] features = { new DatabindingModeFeature(JAXBContextFactory.ECLIPSELINK_JAXB)};
                </programlisting>                    
            </listitem>
            <listitem>
                Set the <code>com.oracle.webservices.api.databinding.DatabindingModeFeature</code> 
                feature using the <code>@DatabindingMode</code> annotation.

                For example:
                <programlisting language="java" linenumbering="unnumbered">
import javax.jws.WebService;
import com.oracle.webservices.api.databinding.DatabindingMode;
import com.sun.xml.ws.db.toplink.JAXBContextFactory;
...
@WebService
@DatabindingMode(JAXBContextFactory.ECLIPSELINK_JAXB);
                </programlisting>

            </listitem>

            <listitem>
                Set the <code>databinding</code> attribute of the endpoint element 
                in the <code>sun-jaxws.xml</code> file. Allowed values are 
                <code>glassfish.jaxb</code> or <code>eclipselink.jaxb</code>.
                For example:

                <programlisting language="xml" linenumbering="unnumbered">
&lt;endpoint
    name='hello'
    implementation='hello.HelloImpl'
    url-pattern='/hello'
    databinding='eclipselink.jaxb'/&gt;
                </programlisting>

            </listitem>
        </itemizedlist>

    </section>

</section>
